label,robots,duration_s,warmup_s,step,ok,fail,ok_rps,p50_ms,p75_ms,p95_ms,p99_ms,mean_ms,max_ms,status_codes,completed_incl_warmup,robots_drained,run_at_utc
old-1-replica,10,30,5,claim-next,5176,0,172.53,23.87,26.43,33.89,50.5,25.05,81.81,200=5176,5424,0,2026-10-04T03:37:25.7509029Z
old-1-replica,10,30,5,started,5176,0,172.53,9.94,11.83,21.74,39.87,11.57,71.04,204=5176,5424,0,2026-10-04T03:37:25.7509029Z
old-1-replica,10,30,5,completed,5176,0,172.53,19.3,21.52,29.39,47.07,20.6,80.27,204=5176,5424,0,2026-10-04T03:37:25.7509029Z
old-1-replica,100,30,5,claim-next,7384,0,246.13,131.46,163.97,217.73,271.62,142.44,384.97,200=7384,8527,0,2026-10-04T03:38:11.0822569Z
old-1-replica,100,30,5,started,7384,0,246.13,120.58,136.7,195.97,238.08,125.99,382,204=7384,8527,0,2026-10-04T03:38:11.0822569Z
old-1-replica,100,30,5,completed,7384,0,246.13,126.53,153.73,211.07,246.91,135.54,383.52,204=7384,8527,0,2026-10-04T03:38:11.0822569Z
old-1-replica,400,30,5,claim-next,4585,0,152.83,942.08,1228.8,1801.22,2016.26,1019.95,2510.85,200=4585,5164,0,2026-10-04T03:39:10.2567072Z
old-1-replica,400,30,5,started,4585,0,152.83,691.71,1013.25,1631.23,1942.53,805.69,1947.85,204=4585,5164,0,2026-10-04T03:39:10.2567072Z
old-1-replica,400,30,5,completed,4585,0,152.83,734.21,982.53,1370.11,1632.26,795.64,2561.5,204=4585,5164,0,2026-10-04T03:39:10.2567072Z
old-1-replica,10,30,5,claim-next,5390,0,179.67,24.42,26.62,30.16,33.66,24.78,60.2,200=5390,6227,0,2026-10-04T03:39:51.2530996Z
old-1-replica,10,30,5,started,5390,0,179.67,9.88,11.18,13.75,16.42,10.33,44.92,204=5390,6227,0,2026-10-04T03:39:51.2530996Z
old-1-replica,10,30,5,completed,5390,0,179.67,19.34,21.12,24.75,28.27,19.83,57.6,204=5390,6227,0,2026-10-04T03:39:51.2530996Z
old-1-replica,100,30,5,claim-next,6779,0,225.97,142.85,170.62,227.97,267.26,151.41,453.54,200=6779,7784,0,2026-10-04T03:40:36.2743642Z
old-1-replica,100,30,5,started,6779,0,225.97,132.22,151.68,205.95,257.66,138.77,368.71,204=6779,7784,0,2026-10-04T03:40:36.2743642Z
old-1-replica,100,30,5,completed,6779,0,225.97,139.9,164.99,225.92,279.55,147.96,369.01,204=6779,7784,0,2026-10-04T03:40:36.2743642Z
old-1-replica,400,30,5,claim-next,5783,1,192.77,757.76,902.14,1136.64,1377.28,782.04,6291.39,200=5783;500=1,6944,0,2026-10-04T03:41:36.4412567Z
old-1-replica,400,30,5,started,5778,5,192.6,638.98,755.71,1038.85,1259.52,649.99,13839.75,204=5778;500=5,6944,0,2026-10-04T03:41:36.4412567Z
old-1-replica,400,30,5,completed,5772,6,192.4,646.14,765.44,1073.15,1377.28,651.66,15021.28,204=5772;500=6,6944,0,2026-10-04T03:41:36.4412567Z
old-1-replica,10,30,5,claim-next,5420,0,180.67,23.97,26.26,30.46,35.23,24.45,63.93,200=5420,6262,0,2026-10-04T03:42:17.4434075Z
old-1-replica,10,30,5,started,5420,0,180.67,9.82,11.15,14.01,17.39,10.3,46.6,204=5420,6262,0,2026-10-04T03:42:17.4434075Z
old-1-replica,10,30,5,completed,5420,0,180.67,19.42,21.23,24.58,29.81,19.87,59.23,204=5420,6262,0,2026-10-04T03:42:17.4434075Z
old-1-replica,100,30,5,claim-next,7511,0,250.37,132.48,165.12,211.2,240.77,140.94,411.56,200=7511,8639,0,2026-10-04T03:43:02.2860566Z
old-1-replica,100,30,5,started,7511,0,250.37,117.06,134.78,186.5,227.46,122.37,399.91,204=7511,8639,0,2026-10-04T03:43:02.2860566Z
old-1-replica,100,30,5,completed,7511,0,250.37,123.9,153.98,204.54,236.93,133.04,408.47,204=7511,8639,0,2026-10-04T03:43:02.2860566Z
old-1-replica,400,30,5,claim-next,5302,0,176.73,766.46,910.34,1330.18,1603.58,812.53,1917.22,200=5302,6194,0,2026-10-04T03:44:00.7156435Z
old-1-replica,400,30,5,started,5302,0,176.73,705.54,828.42,1137.66,1329.15,729.9,1718.41,204=5302,6194,0,2026-10-04T03:44:00.7156435Z
old-1-replica,400,30,5,completed,5302,0,176.73,704,830.98,1158.14,1600.51,740.99,1917.25,204=5302,6194,0,2026-10-04T03:44:00.7156435Z
new-1-replica,10,30,5,claim-next,10271,0,342.37,9.5,10.07,12.02,14.5,9.79,65.72,200=10271,11354,0,2026-10-04T03:45:06.1042990Z
new-1-replica,10,30,5,started,10271,0,342.37,5.3,5.8,7.17,9.37,5.53,62.89,204=10271,11354,0,2026-10-04T03:45:06.1042990Z
new-1-replica,10,30,5,completed,10271,0,342.37,13.07,13.94,16.16,19.2,13.49,103.79,204=10271,11354,0,2026-10-04T03:45:06.1042990Z
new-1-replica,100,30,5,claim-next,18479,33,615.97,59.01,61.54,66.37,86.91,59.47,266,200=18479;429=33,21436,0,2026-10-04T03:45:51.1402089Z
new-1-replica,100,30,5,started,18479,47,615.97,33.95,36.06,40.06,48.29,34.41,236.13,204=18479;429=47,21436,0,2026-10-04T03:45:51.1402089Z
new-1-replica,100,30,5,completed,18479,40,615.97,59.84,62.43,67.46,89.66,60.47,265.9,204=18479;429=40,21436,0,2026-10-04T03:45:51.1402089Z
new-1-replica,400,30,5,claim-next,18230,3152,607.67,59.39,61.98,67.14,84.93,61.62,850.77,200=18230;429=3152,21344,0,2026-10-04T03:46:49.9923690Z
new-1-replica,400,30,5,started,18230,2970,607.67,34.11,36.1,40.54,45.79,35.36,825.4,204=18230;429=2970,21344,0,2026-10-04T03:46:49.9923690Z
new-1-replica,400,30,5,completed,18230,2998,607.67,59.87,62.56,67.97,88.32,61.56,853.48,204=18230;429=2998,21344,0,2026-10-04T03:46:49.9923690Z
new-1-replica,10,30,5,claim-next,10244,0,341.47,9.82,10.36,12.06,14.43,10.06,48.21,200=10244,11799,0,2026-10-04T03:47:30.9545329Z
new-1-replica,10,30,5,started,10244,0,341.47,5.27,5.7,6.97,9.55,5.45,40.49,204=10244,11799,0,2026-10-04T03:47:30.9545329Z
new-1-replica,10,30,5,completed,10244,0,341.47,13.08,13.9,16.18,18.86,13.38,51.16,204=10244,11799,0,2026-10-04T03:47:30.9545329Z
new-1-replica,100,30,5,claim-next,18555,42,618.5,58.88,61.38,67.01,86.85,59.44,256.22,200=18555;429=42,21619,0,2026-10-04T03:48:15.8996084Z
new-1-replica,100,30,5,started,18555,49,618.5,33.76,35.78,40.06,46.34,34.12,231.04,204=18555;429=49,21619,0,2026-10-04T03:48:15.8996084Z
new-1-replica,100,30,5,completed,18555,29,618.5,59.46,62.08,67.58,89.86,60.16,261.42,204=18555;429=29,21619,0,2026-10-04T03:48:15.8996084Z
new-1-replica,400,30,5,claim-next,18253,3069,608.43,59.46,61.89,67.01,84.93,61.14,854.77,200=18253;429=3069,21477,0,2026-10-04T03:49:15.0253458Z
new-1-replica,400,30,5,started,18253,3156,608.43,34.17,36.16,40.19,49.6,35.56,829.91,204=18253;429=3156,21477,0,2026-10-04T03:49:15.0253458Z
new-1-replica,400,30,5,completed,18253,2895,608.43,59.97,62.46,67.71,87.04,61.67,858.56,204=18253;429=2895,21477,0,2026-10-04T03:49:15.0253458Z
new-1-replica,10,30,5,claim-next,10150,0,338.33,9.68,10.18,11.61,14.06,9.86,44.54,200=10150,11732,0,2026-10-04T03:49:55.9883833Z
new-1-replica,10,30,5,started,10150,0,338.33,5.48,5.91,7.14,9.53,5.63,41.04,204=10150,11732,0,2026-10-04T03:49:55.9883833Z
new-1-replica,10,30,5,completed,10150,0,338.33,13.34,14.19,16.38,19.15,13.66,49.84,204=10150,11732,0,2026-10-04T03:49:55.9883833Z
new-1-replica,100,30,5,claim-next,18536,45,617.87,58.72,61.34,66.88,86.78,59.29,228.44,200=18536;429=45,21466,0,2026-10-04T03:50:40.9647864Z
new-1-replica,100,30,5,started,18536,39,617.87,33.89,36.06,40.38,49.28,34.33,199.15,204=18536;429=39,21466,0,2026-10-04T03:50:40.9647864Z
new-1-replica,100,30,5,completed,18536,36,617.87,59.62,62.27,67.9,84.61,60.2,227.84,204=18536;429=36,21466,0,2026-10-04T03:50:40.9647864Z
new-1-replica,400,30,5,claim-next,18065,3074,602.17,59.84,62.75,68.99,92.61,61.85,465.83,200=18065;429=3074,21234,0,2026-10-04T03:51:39.9639299Z
new-1-replica,400,30,5,started,18065,3031,602.17,34.59,36.9,41.95,56.32,35.88,441.37,204=18065;429=3031,21234,0,2026-10-04T03:51:39.9639299Z
new-1-replica,400,30,5,completed,18065,3015,602.17,60.7,63.58,70.14,93.89,62.3,467.05,204=18065;429=3015,21234,0,2026-10-04T03:51:39.9639299Z
new-2-replica,10,30,5,claim-next,10048,0,334.93,9.86,10.44,12.25,14.55,10.1,43.07,200=10048,11118,0,2026-10-04T03:52:47.1903054Z
new-2-replica,10,30,5,started,10048,0,334.93,5.49,5.95,7.26,9.31,5.66,38.71,204=10048,11118,0,2026-10-04T03:52:47.1903054Z
new-2-replica,10,30,5,completed,10048,0,334.93,13.39,14.26,16.37,19.15,13.69,47.54,204=10048,11118,0,2026-10-04T03:52:47.1903054Z
new-2-replica,100,30,5,claim-next,32337,0,1077.9,35.01,37.06,44.77,65.73,36.43,252.31,200=32337,36372,0,2026-10-04T03:53:32.1572539Z
new-2-replica,100,30,5,started,32337,0,1077.9,15.42,16.62,20.98,29.15,16.2,232.16,204=32337,36372,0,2026-10-04T03:53:32.1572539Z
new-2-replica,100,30,5,completed,32337,0,1077.9,37.73,40.06,48.38,65.38,39.11,261.92,204=32337,36372,0,2026-10-04T03:53:32.1572539Z
new-2-replica,400,30,5,claim-next,32030,2155,1067.67,65.44,70.33,79.68,93.38,68.11,938.24,200=32030;429=2155,37386,0,2026-10-04T03:54:30.7018427Z
new-2-replica,400,30,5,started,32030,2188,1067.67,37.38,40.51,46.88,55.17,38.98,892.49,204=32030;429=2188,37386,0,2026-10-04T03:54:30.7018427Z
new-2-replica,400,30,5,completed,32030,1994,1067.67,66.75,71.49,81.34,95.94,69.26,946.03,204=32030;429=1994,37386,0,2026-10-04T03:54:30.7018427Z
new-2-replica,10,30,5,claim-next,9847,0,328.23,10.15,10.72,12.47,15.5,10.41,70.38,200=9847,11417,0,2026-10-04T03:55:11.6426218Z
new-2-replica,10,30,5,started,9847,0,328.23,5.5,5.97,7.25,9.41,5.71,83.79,204=9847,11417,0,2026-10-04T03:55:11.6426218Z
new-2-replica,10,30,5,completed,9847,0,328.23,13.61,14.46,16.64,20.26,13.94,120.25,204=9847,11417,0,2026-10-04T03:55:11.6426218Z
new-2-replica,100,30,5,claim-next,33095,0,1103.17,35.07,36.93,41.89,49.66,35.56,255.35,200=33095,38326,0,2026-10-04T03:55:56.5855462Z
new-2-replica,100,30,5,started,33095,0,1103.17,15.33,16.38,19.79,24.3,15.81,233.71,204=33095,38326,0,2026-10-04T03:55:56.5855462Z
new-2-replica,100,30,5,completed,33095,0,1103.17,37.6,39.62,45.18,52.9,38.27,260.08,204=33095,38326,0,2026-10-04T03:55:56.5855462Z
new-2-replica,400,30,5,claim-next,32465,2014,1082.17,66.18,71.61,79.94,90.37,68,898.08,200=32465;429=2014,38121,0,2026-10-04T03:56:54.8929176Z
new-2-replica,400,30,5,started,32465,2123,1082.17,38.08,41.57,47.84,54.82,39.79,858.58,204=32465;429=2123,38121,0,2026-10-04T03:56:54.8929176Z
new-2-replica,400,30,5,completed,32465,2111,1082.17,67.26,72.64,81.22,91.97,69.06,899.4,204=32465;429=2111,38121,0,2026-10-04T03:56:54.8929176Z
new-2-replica,10,30,5,claim-next,9967,0,332.23,9.91,10.46,12.25,15.05,10.15,24.14,200=9967,11539,0,2026-10-04T03:57:35.8732235Z
new-2-replica,10,30,5,started,9967,0,332.23,5.56,6.02,7.3,9.69,5.72,21.82,204=9967,11539,0,2026-10-04T03:57:35.8732235Z
new-2-replica,10,30,5,completed,9967,0,332.23,13.57,14.41,16.46,18.86,13.81,37.18,204=9967,11539,0,2026-10-04T03:57:35.8732235Z
new-2-replica,100,30,5,claim-next,33086,0,1102.87,33.31,40.99,47.68,60.83,35.64,210.66,200=33086,38488,0,2026-10-04T03:58:20.9005284Z
new-2-replica,100,30,5,started,33086,0,1102.87,15.2,17.6,21.06,29.66,15.82,185.11,204=33086,38488,0,2026-10-04T03:58:20.9005284Z
new-2-replica,100,30,5,completed,33086,0,1102.87,36.7,42.88,50.11,67.46,38.19,217.9,204=33086,38488,0,2026-10-04T03:58:20.9005284Z
new-2-replica,400,30,5,claim-next,32070,2172,1069,58.5,71.87,80.77,101.12,63.76,939.84,200=32070;429=2172,37666,0,2026-10-04T03:59:19.7529106Z
new-2-replica,400,30,5,started,32070,2279,1069,31.28,41.44,48.32,63.49,34.83,900.38,204=32070;429=2279,37666,0,2026-10-04T03:59:19.7529106Z
new-2-replica,400,30,5,completed,32070,2296,1069,60.16,72.9,82.3,105.41,65.1,1003.54,204=32070;429=2296,37666,0,2026-10-04T03:59:19.7529106Z
old-2-replica,10,30,5,claim-next,4565,0,152.17,26.48,29.54,38.02,51.23,27.65,75.49,200=4565,4803,0,2026-10-04T04:00:27.4667615Z
old-2-replica,10,30,5,started,4565,0,152.17,11.5,13.6,22.88,36.58,13.1,301.91,204=4565,4803,0,2026-10-04T04:00:27.4667615Z
old-2-replica,10,30,5,completed,4565,0,152.17,22.3,25.04,34.4,48.51,24.12,339.26,204=4565,4803,0,2026-10-04T04:00:27.4667615Z
old-2-replica,100,30,5,claim-next,10651,0,355.03,86.34,121.47,200.83,266.24,101.68,406.41,200=10651,11968,0,2026-10-04T04:01:12.3463396Z
old-2-replica,100,30,5,started,10651,0,355.03,68.67,100.54,178.94,253.06,82.32,361.85,204=10651,11968,0,2026-10-04T04:01:12.3463396Z
old-2-replica,100,30,5,completed,10651,0,355.03,79.55,113.86,194.69,266.75,95.16,450.04,204=10651,11968,0,2026-10-04T04:01:12.3463396Z
old-2-replica,400,30,5,claim-next,8705,0,290.17,453.63,537.09,777.22,1332.22,475.28,1569.76,200=8705,9882,0,2026-10-04T04:02:11.4386848Z
old-2-replica,400,30,5,started,8705,0,290.17,436.48,515.84,669.18,1205.25,450.32,1571.97,204=8705,9882,0,2026-10-04T04:02:11.4386848Z
old-2-replica,400,30,5,completed,8705,0,290.17,444.93,524.03,695.81,1238.02,459.87,1566.58,204=8705,9882,0,2026-10-04T04:02:11.4386848Z
old-2-replica,10,30,5,claim-next,5060,0,168.67,25.71,28.21,32.14,36.32,26.22,126.72,200=5060,5862,0,2026-10-04T04:02:52.4077717Z
old-2-replica,10,30,5,started,5060,0,168.67,10.52,11.83,14.5,17.12,11.04,116.12,204=5060,5862,0,2026-10-04T04:02:52.4077717Z
old-2-replica,10,30,5,completed,5060,0,168.67,20.78,22.66,26.43,29.42,21.27,43.62,204=5060,5862,0,2026-10-04T04:02:52.4077717Z
old-2-replica,100,30,5,claim-next,11276,0,375.87,86.34,111.04,171.26,225.28,96.19,369.19,200=11276,12705,0,2026-10-04T04:03:37.3837052Z
old-2-replica,100,30,5,started,11276,0,375.87,68.35,92.29,147.71,196.48,76.7,333.14,204=11276,12705,0,2026-10-04T04:03:37.3837052Z
old-2-replica,100,30,5,completed,11276,0,375.87,82.05,104.83,163.2,218.75,90.51,333.25,204=11276,12705,0,2026-10-04T04:03:37.3837052Z
old-2-replica,400,30,5,claim-next,6947,0,231.57,437.76,826.88,1380.35,3911.68,659.61,4045.24,200=6947,7425,0,2026-10-04T04:04:36.4970602Z
old-2-replica,400,30,5,started,6947,0,231.57,338.43,617.47,1154.05,3870.72,562.91,3874.16,204=6947,7425,0,2026-10-04T04:04:36.4970602Z
old-2-replica,400,30,5,completed,6947,0,231.57,351.49,653.31,1192.96,1586.18,521,3866.62,204=6947,7425,0,2026-10-04T04:04:36.4970602Z
old-2-replica,10,30,5,claim-next,5285,0,176.17,23.44,25.44,30.35,34.75,24.1,43.12,200=5285,6115,0,2026-10-04T04:05:17.3797326Z
old-2-replica,10,30,5,started,5285,0,176.17,10.39,11.58,15.09,20.26,10.92,31.51,204=5285,6115,0,2026-10-04T04:05:17.3797326Z
old-2-replica,10,30,5,completed,5285,0,176.17,20.38,22.21,27.1,33.02,21.04,47.67,204=5285,6115,0,2026-10-04T04:05:17.3797326Z
old-2-replica,100,30,5,claim-next,10916,0,363.87,91.71,117.18,154.24,192.38,97.92,314.76,200=10916,12146,0,2026-10-04T04:06:02.3347160Z
old-2-replica,100,30,5,started,10916,0,363.87,77.5,96.26,137.98,174.98,81.42,272.94,204=10916,12146,0,2026-10-04T04:06:02.3347160Z
old-2-replica,100,30,5,completed,10916,0,363.87,87.42,112,150.14,189.82,92.97,324.89,204=10916,12146,0,2026-10-04T04:06:02.3347160Z
old-2-replica,400,30,5,claim-next,8526,0,284.2,468.22,594.94,939.01,1186.82,511,1458.18,200=8526,9428,0,2026-10-04T04:07:00.5453264Z
old-2-replica,400,30,5,started,8526,0,284.2,429.06,538.11,742.91,1243.14,444.22,1422.3,204=8526,9428,0,2026-10-04T04:07:00.5453264Z
old-2-replica,400,30,5,completed,8526,0,284.2,436.74,551.93,785.92,1235.97,460.3,1718.87,204=8526,9428,0,2026-10-04T04:07:00.5453264Z
