label,robots,queued,claimed,executing,completed,failed,other,jobhistory_rows,checked_at_utc
old-1-replica,10,14576,0,0,5424,0,0,5424,2026-10-04T03:37:25.7725501Z
old-1-replica,100,191473,0,0,8527,0,0,8527,2026-10-04T03:38:11.1184258Z
old-1-replica,400,794836,0,0,5164,0,0,5164,2026-10-04T03:39:10.3608068Z
old-1-replica,10,13773,0,0,6227,0,0,6227,2026-10-04T03:39:51.2621626Z
old-1-replica,100,192216,0,0,7784,0,0,7784,2026-10-04T03:40:36.3102124Z
old-1-replica,400,793044,6,5,6945,0,0,6945,2026-10-04T03:41:36.5479727Z
old-1-replica,10,13738,0,0,6262,0,0,6262,2026-10-04T03:42:17.4859568Z
old-1-replica,100,191361,0,0,8639,0,0,8639,2026-10-04T03:43:02.3224192Z
old-1-replica,400,793806,0,0,6194,0,0,6194,2026-10-04T03:44:00.8128837Z
new-1-replica,10,8646,0,0,11354,0,0,11354,2026-10-04T03:45:06.1241363Z
new-1-replica,100,178564,0,0,21436,0,0,21436,2026-10-04T03:45:51.1790849Z
new-1-replica,400,778656,0,0,21344,0,0,21344,2026-10-04T03:46:50.0859141Z
new-1-replica,10,8201,0,0,11799,0,0,11799,2026-10-04T03:47:30.9654984Z
new-1-replica,100,178381,0,0,21619,0,0,21619,2026-10-04T03:48:15.9385127Z
new-1-replica,400,778523,0,0,21477,0,0,21477,2026-10-04T03:49:15.1125588Z
new-1-replica,10,8268,0,0,11732,0,0,11732,2026-10-04T03:49:56.0326732Z
new-1-replica,100,178534,0,0,21466,0,0,21466,2026-10-04T03:50:41.0019143Z
new-1-replica,400,778766,0,0,21234,0,0,21234,2026-10-04T03:51:40.0580426Z
new-2-replica,10,8882,0,0,11118,0,0,11118,2026-10-04T03:52:47.2127460Z
new-2-replica,100,163628,0,0,36372,0,0,36372,2026-10-04T03:53:32.1977865Z
new-2-replica,400,762614,0,0,37386,0,0,37386,2026-10-04T03:54:30.7955372Z
new-2-replica,10,8583,0,0,11417,0,0,11417,2026-10-04T03:55:11.6520965Z
new-2-replica,100,161674,0,0,38326,0,0,38326,2026-10-04T03:55:56.6243229Z
new-2-replica,400,761879,0,0,38121,0,0,38121,2026-10-04T03:56:54.9841820Z
new-2-replica,10,8461,0,0,11539,0,0,11539,2026-10-04T03:57:35.9174178Z
new-2-replica,100,161512,0,0,38488,0,0,38488,2026-10-04T03:58:20.9395323Z
new-2-replica,400,762334,0,0,37666,0,0,37666,2026-10-04T03:59:19.8515033Z
old-2-replica,10,15197,0,0,4803,0,0,4803,2026-10-04T04:00:27.4887024Z
old-2-replica,100,188032,0,0,11968,0,0,11968,2026-10-04T04:01:12.3830038Z
old-2-replica,400,790118,0,0,9882,0,0,9882,2026-10-04T04:02:11.5341749Z
old-2-replica,10,14138,0,0,5862,0,0,5862,2026-10-04T04:02:52.4170893Z
old-2-replica,100,187295,0,0,12705,0,0,12705,2026-10-04T04:03:37.4228508Z
old-2-replica,400,792575,0,0,7425,0,0,7425,2026-10-04T04:04:36.6149418Z
old-2-replica,10,13885,0,0,6115,0,0,6115,2026-10-04T04:05:17.4307375Z
old-2-replica,100,187854,0,0,12146,0,0,12146,2026-10-04T04:06:02.3725608Z
old-2-replica,400,790572,0,0,9428,0,0,9428,2026-10-04T04:07:00.6441169Z
